element_type,osmid,name,geometry,latitude,longitude
node,1866502248,Pharmacie Centrale الصيدلية المركزية,POINT (-4.9978456 34.036761),34.036761,-4.9978456
node,2328748922,Pharmacie Filali صيدلية فيلالي,POINT (-5.0057261 34.0400364),34.0400364,-5.0057261
node,3718016810,Pharmacie Rcif صيدلية الرصيف,POINT (-4.9730652 34.0607842),34.0607842,-4.9730652
node,4606353707,Pharmacie Irchad صيدلية إرشاد,POINT (-5.0299565 34.0091704),34.0091704,-5.0299565
node,4681620692,Pharmacie Basmati صيدلية بسمتي,POINT (-5.0335195 34.0165709),34.0165709,-5.0335195
node,4698968089,Pharmacie Lablida صيدلية البليدة,POINT (-4.9713274 34.0665469),34.0665469,-4.9713274
node,4711448391,Pharmacie la Tulipe صيدلية لاتوليب,POINT (-5.0204776 34.0155439),34.0155439,-5.0204776
node,4711868990,Pharmacie de la Liberté صيدلية الحرية,POINT (-4.9969331 34.0452085),34.0452085,-4.9969331
node,4711934790,Pharmacie les Palmiers صيدلية النخيل,POINT (-5.0015078 34.0394593),34.0394593,-5.0015078
node,4711934894,Pharmacie de France صيدلية فرنسا,POINT (-4.9987649 34.0429619),34.0429619,-4.9987649
node,4712385991,Pharmacie l'Amitié صيدلية الصداقة,POINT (-5.0096513 34.014454),34.014454,-5.0096513
node,4712445890,Pharmacie Bouslikhane صيدلية بوسليخن,POINT (-5.0261096 34.0094085),34.0094085,-5.0261096
node,4712508653,Pharmacie Acima صيدلية أسيما,POINT (-5.0105717 34.0296079),34.0296079,-5.0105717
node,4724813489,Pharmacie Echadli صيدلية الشادلي,POINT (-5.0322131 34.0078033),34.0078033,-5.0322131
node,4725748199,Pharmacie Allal Ben Abdellah صيدلية علال بن عبد الله,POINT (-5.0069404 34.033564),34.033564,-5.0069404
node,4729539594,Pharmacie du Maroc صيدلية المغرب,POINT (-4.9817913 34.0604344),34.0604344,-4.9817913
node,4730950544,Pharmacie la Criée صيدلية المزاد,POINT (-5.0434417 34.0005071),34.0005071,-5.0434417
node,4738031421,Pharmacie Bahja صيدلية البهجة,POINT (-4.9986734 34.0389152),34.0389152,-4.9986734
node,4738681626,Pharmacie de la Santé صيدلية الصحة,POINT (-4.9854532 34.0128456),34.0128456,-4.9854532
node,4740427422,Pharmacie Idrissi صيدلية الإدريسي,POINT (-5.0034341 34.0267254),34.0267254,-5.0034341
node,4741642523,Pharmacie Debbagh صيدلية الدباغ,POINT (-5.0038728 34.0428163),34.0428163,-5.0038728
node,4744887621,Pharmacie et Laboratoire Al Amrani صيدلية و مختبر العمراني,POINT (-5.001262 34.0421156),34.0421156,-5.001262
node,4746773124,Pharmacie Moulay El Kamel صيدلية مولاي الكامل,POINT (-5.0084996 34.0365542),34.0365542,-5.0084996
node,4746889021,Pharmacie Mimousa صيدلية ميموزة,POINT (-5.0123203 34.0326314),34.0326314,-5.0123203
node,4753542728,Pharmacie Zemmouri صيدلية الزموري,POINT (-5.0190467 34.0185021),34.0185021,-5.0190467
node,4757773462,Pharmacie et Laboratoire El Karaouyine صيدلية و مختبر القرويين,POINT (-4.9929013 34.0210364),34.0210364,-4.9929013
node,4759451623,Pharmacie Jnane Fès صيدلية جنان فاس,POINT (-5.0051309 34.0304772),34.0304772,-5.0051309
node,4759495424,Pharmacie Oudghiri صيدلية الودغيري,POINT (-5.0078186 34.030867),34.030867,-5.0078186
node,4763995654,Pharmacie Assalama صيدلية السلامة,POINT (-5.0029903 34.0451989),34.0451989,-5.0029903
node,4772565121,Pharmacie Route d'Immouzer صيدلية طريق إيموزار,POINT (-4.9959536 34.0196299),34.0196299,-4.9959536
node,4774537683,Pharmacie de l'Hôpital صيدلية المستشفى,POINT (-4.9936096 34.0392486),34.0392486,-4.9936096
node,4788557121,Pharmacie Moulay Driss صيدلية مولاي ادريس,POINT (-5.0189835 34.0336413),34.0336413,-5.0189835
node,4788557323,Pharmacie le Palais صيدلية القصر,POINT (-5.0229027 34.0307431),34.0307431,-5.0229027
node,4797223421,Pharmacie Nouzha صيدلية النزهة,POINT (-5.0108792 34.0117154),34.0117154,-5.0108792
node,4801102022,Pharmacie El Fath صيدلية الفتح,POINT (-5.0003795 34.0374402),34.0374402,-5.0003795
node,4801209322,Pharmacie la Croix Verte صيدلية لاكروا فيرت,POINT (-4.9981613 34.0385288),34.0385288,-4.9981613
node,4802070122,Pharmacie Marjane صيدلية مرجان,POINT (-5.0355052 34.0492382),34.0492382,-5.0355052
node,4803244621,Pharmacie Al Ichrak صيدلية الإشراق,POINT (-5.0109578 34.0167606),34.0167606,-5.0109578
node,4803711989,Pharmacie Al Mernissi صيدلية المرنيسي,POINT (-5.0129692 34.0392401),34.0392401,-5.0129692
node,4805354921,Pharmacie Masjid Ataqwa صيدلية مسجد التقوى,POINT (-5.0056751 34.0194622),34.0194622,-5.0056751
node,4805418523,Pharmacie Sounni صيدلية السني,POINT (-5.0079836 34.0182594),34.0182594,-5.0079836
node,4805680322,Pharmacie Bennani صيدلية بناني,POINT (-5.02417 34.032488),34.032488,-5.02417
node,4807116122,Pharmacie Arrachad صيدلية الرشاد,POINT (-5.026931 34.0156004),34.0156004,-5.026931
node,4807118621,Pharmacie Farah صيدلية فرح,POINT (-5.0122016 34.0221038),34.0221038,-5.0122016
node,4807118622,Pharmacie Belbacha صيدلية بالباشة,POINT (-5.013688 34.0304648),34.0304648,-5.013688
node,4807373024,Pharmacie Moulay Slimane صيدلية مولاي سليمان,POINT (-5.0005704 34.029394),34.029394,-5.0005704
node,4811706021,Pharmacie la Station صيدلية المحطة,POINT (-5.0456351 34.0094418),34.0094418,-5.0456351
node,4811862222,Pharmacie Azzahraouayn صيدلية الزهراويين,POINT (-5.0407415 34.0247453),34.0247453,-5.0407415
node,4814399221,Pharmacie Imam Ali صيدلية الإمام علي,POINT (-5.006424 34.0423848),34.0423848,-5.006424
node,4815220421,Pharmacie Touzani صيدلية التوزاني,POINT (-5.0265075 34.029135),34.029135,-5.0265075
node,4815250118,Pharmacie Pavlov صيدلية بافلوف,POINT (-5.0401436 34.0129982),34.0129982,-5.0401436
node,4815400180,Pharmacie Bab Ftouh صيدلية باب فتوح,POINT (-4.9664226 34.0608412),34.0608412,-4.9664226
node,4815416019,Pharmacie Al Ouafae صيدلية الوفاء,POINT (-4.9763526 34.0112189),34.0112189,-4.9763526
node,4815669288,Pharmacie Ben Debbab صيدلية بن دباب,POINT (-4.9943906 34.0638765),34.0638765,-4.9943906
node,4815708754,Pharmacie Lwdaya صيدلية لوداية,POINT (-5.0120009 34.0697582),34.0697582,-5.0120009
node,4815722783,Pharmacie Arrajae صيدلية الرجاء,POINT (-5.047852 34.03271),34.03271,-5.047852
node,4816625221,Pharmacie Bouzoubaa صيدلية بوزوبع,POINT (-5.0270395 34.0206795),34.0206795,-5.0270395
node,4817715044,Pharmacie El Malhi صيدلية الملحي,POINT (-5.0245247 34.0356746),34.0356746,-5.0245247
node,4817730225,Pharmacie El Wardi صيدلية الوردي,POINT (-5.0329316 34.0551533),34.0551533,-5.0329316
node,4817763683,Pharmacie Al Mawada صيدلية المودة,POINT (-5.0165884 34.0067267),34.0067267,-5.0165884
node,4817810561,Pharmacie Sahb El Ward صيدلية سهب الورد,POINT (-4.9532305 34.0543407),34.0543407,-4.9532305
node,4817824057,Pharmacie Al Ghassani صيدلية الغساني,POINT (-4.9898563 34.0403695),34.0403695,-4.9898563
node,4817843397,Pharmacie L'IRIS صيدلية الاغيس,POINT (-4.9984577 34.0213738),34.0213738,-4.9984577
node,4817921284,Pharmacie Ziat صيدلية الزيات,POINT (-4.9769857 34.0576478),34.0576478,-4.9769857
node,4817966862,Pharmacie Saiss صيدلية سايس,POINT (-4.9969956 34.0326792),34.0326792,-4.9969956
node,4818028572,Pharmacie Nahid صيدلية ناهيد,POINT (-5.0083871 34.0633492),34.0633492,-5.0083871
node,4822485122,Pharmacie El Attar صيدلية العطار,POINT (-5.0172347 34.0420078),34.0420078,-5.0172347
node,4822797821,Pharmacie Amine صيدلية أمين,POINT (-4.972887 34.0584106),34.0584106,-4.972887
node,4823680821,Pharmacie Arssat Zitoun صيدلية عرصة الزيتون,POINT (-5.042749 33.9916405),33.9916405,-5.042749
node,4823696521,Pharmacie Saidi صيدلية سعيدي,POINT (-5.0401468 33.9942988),33.9942988,-5.0401468
node,4825502723,Pharmacie Niama صيدلية نعمة,POINT (-5.0480324 33.9977066),33.9977066,-5.0480324
node,4826191124,Pharmacie El Mouahidine صيدلية الموحدين,POINT (-5.0123896 34.0427102),34.0427102,-5.0123896
node,4830547721,Pharmacie la Bonté صيدلية الطيبة,POINT (-5.0268101 34.0337314),34.0337314,-5.0268101
node,4830823521,Pharmacie Chifae صيدلية الشفاء,POINT (-5.0087851 34.0404482),34.0404482,-5.0087851
node,4832498324,Pharmacie des FAR صيدلية الجيش الملكي,POINT (-5.0166336 34.0407699),34.0407699,-5.0166336
node,4834354024,Pharmacie Doukkarat صيدلية الدكارات,POINT (-5.0217359 34.0393502),34.0393502,-5.0217359
node,4841546126,Pharmacie Route de Meknès صيدلية طريق مكناس,POINT (-5.0272749 34.0395245),34.0395245,-5.0272749
node,4841769221,Pharmacie Tazi صيدلية التازي,POINT (-5.0313486 34.0397879),34.0397879,-5.0313486
node,4843629022,Pharmacie Tarik صيدلية طارق,POINT (-5.0239044 34.0281108),34.0281108,-5.0239044
node,4843833522,Pharmacie Ait Skattou صيدلية ايت سقاطو,POINT (-5.0012035 34.0260824),34.0260824,-5.0012035
node,4845395322,Pharmacie Benjelloun صيدلية بنجلون,POINT (-5.0219356 34.0268021),34.0268021,-5.0219356
node,4854006421,Pharmacie Lalla Soukaina صيدلية للاسكينة,POINT (-5.026767 34.0183664),34.0183664,-5.026767
node,4855335623,Pharmacie la Lavande صيدلية الخزامى,POINT (-5.022362 34.0335369),34.0335369,-5.022362
node,4861633424,Pharmacie du Passage صيدلية المسار,POINT (-4.9953162 34.0359013),34.0359013,-4.9953162
node,4871949522,Pharmacie Ravin صيدلية الرافان,POINT (-4.9938759 34.0345554),34.0345554,-4.9938759
node,4871952121,Pharmacie Adarissa صيدلية أدارسة,POINT (-5.0070833 34.0215149),34.0215149,-5.0070833
node,4883661122,Pharmacie Yassine صيدلية ياسين,POINT (-5.0070187 34.0158487),34.0158487,-5.0070187
node,4885602324,Pharmacie Dhar El Mehraz صيدلية ظهر المهراز,POINT (-4.9896306 34.0369664),34.0369664,-4.9896306
node,4887681622,Pharmacie Jnane El Berdai صيدلية جنان البردعي,POINT (-5.0558381 34.0349848),34.0349848,-5.0558381
node,4894589424,Pharmacie de la Gare صيدلية المحطة,POINT (-5.0066483 34.0448431),34.0448431,-5.0066483
node,4894951222,Pharmacie Hay El Anbra صيدلية حي العنبرة,POINT (-5.0352723 34.0100955),34.0100955,-5.0352723
node,4894951223,Pharmacie Saadi صيدلية السعدي,POINT (-5.0137715 34.0047517),34.0047517,-5.0137715
node,4894953823,Pharmacie Ain Amir صيدلية عين عمير,POINT (-5.004085 34.0026816),34.0026816,-5.004085
node,4897372624,Pharmacie Boulevard du Joulane صيدلية شارع الجولان,POINT (-4.9925868 34.0314245),34.0314245,-4.9925868
node,4902417424,Pharmacie Ville Nouvelle صيدلية المدينة الجديدة,POINT (-4.9980042 34.0343137),34.0343137,-4.9980042
node,4904980522,Pharmacie du Boulevard صيدلية الشارع,POINT (-4.9966699 34.0408528),34.0408528,-4.9966699
node,4913789721,Pharmacie Mariam صيدلية مريم,POINT (-5.0477063 33.9940124),33.9940124,-5.0477063
node,4916834521,Pharmacie Oum Al Banine صيدلية أم البنين,POINT (-4.9795617 34.0586789),34.0586789,-4.9795617
node,4924422021,Pharmacie Sebti صيدلية السبتي,POINT (-5.0002925 34.0323548),34.0323548,-5.0002925
node,4941858121,Pharmacie la Commune صيدلية الجماعة الجديدة,POINT (-5.0153706 34.0333816),34.0333816,-5.0153706
node,4952409023,Pharmacie Youssra صيدلية يسرى,POINT (-4.9818124 34.0293711),34.0293711,-4.9818124
node,4956435822,Pharmacie Ilyas صيدلية إلياس,POINT (-4.9876615 34.0451274),34.0451274,-4.9876615
node,4956483023,Pharmacie Bab Alghoul صيدلية باب الغول,POINT (-4.986712 34.0413437),34.0413437,-4.986712
node,4965854542,Pharmacie Marhaba صيدلية مرحبا,POINT (-4.9880236 34.0269793),34.0269793,-4.9880236
node,4968139622,Pharmacie Bahia صيدلية باهية,POINT (-4.9854877 34.0248246),34.0248246,-4.9854877
node,4970125221,Pharmacie Boughafer صيدلية بوغافر,POINT (-4.9859761 34.0222771),34.0222771,-4.9859761
node,4970428922,Pharmacie Al Farabi صيدلية الفرابي,POINT (-5.0206543 34.0369228),34.0369228,-5.0206543
node,4971325222,Pharmacie Zakaria صيدلية زكرياء,POINT (-5.0180415 34.0248226),34.0248226,-5.0180415
node,4973828925,Pharmacie Chaymae صيدلية شيماء,POINT (-5.0585174 34.0324461),34.0324461,-5.0585174
node,4974972222,Pharmacie Ibn Haitam صيدلية بن الهيثم,POINT (-4.9830509 34.0211705),34.0211705,-4.9830509
node,4996666434,Pharmacie El Azhar صيدلية الأزهر,POINT (-5.0126464 34.0191682),34.0191682,-5.0126464
node,5007363922,Pharmacie Ibn Al Hassan صيدلية ابن الحسن,POINT (-5.0049131 34.0605169),34.0605169,-5.0049131
node,5020266326,Pharmacie Iraqi Karima صيدلية عراقي كريمة,POINT (-5.0025925 34.0206327),34.0206327,-5.0025925
node,5022123421,Pharmacie Al Ambra  صيدلية العنبرة,POINT (-4.9995074 34.0227833),34.0227833,-4.9995074
node,5025460621,Pharmacie Al Irfane صيدلية العرفان,POINT (-5.0048856 34.0175081),34.0175081,-5.0048856
node,5039588521,Pharmacie Amal Achifae صيدلية أمل الشفاء,POINT (-5.0546196 34.0303207),34.0303207,-5.0546196
node,5041522724,Pharmacie Mil Roses صيدلية ألف زهرة,POINT (-4.9968158 34.0149962),34.0149962,-4.9968158
node,5043818724,Pharmacie Badr صيدلية بدر,POINT (-5.0167602 34.0215987),34.0215987,-5.0167602
node,5043819141,Pharmacie Azzahrae صيدلية الزهراء,POINT (-5.0235395 34.0202531),34.0202531,-5.0235395
node,5043839331,Pharmacie Agdal صيدلية أكدال,POINT (-5.0205636 34.0214796),34.0214796,-5.0205636
node,5054002331,Pharmacie Labaraka صيدلية البركة,POINT (-5.0152133 34.0189521),34.0189521,-5.0152133
node,5054019822,Pharmacie Ennassiri صيدلية الناصري,POINT (-5.0210753 34.0233883),34.0233883,-5.0210753
node,5055972121,Pharmacie Omari صيدلية عماري,POINT (-5.0063514 34.0268791),34.0268791,-5.0063514
node,5081200223,Pharmacie Demnati صيدلية الدمناتي,POINT (-5.0303522 34.0207935),34.0207935,-5.0303522
node,5084491622,Pharmacie Platanes صيدلية السيجان,POINT (-5.00755 34.0043523),34.0043523,-5.00755
node,5085452623,Pharmacie de l'Atlas صيدلية الأطلس,POINT (-4.9948294 34.0318989),34.0318989,-4.9948294
node,5100489621,Pharmacie Afifa صيدلية عفيفة,POINT (-5.0091718 34.0234473),34.0234473,-5.0091718
node,5107085722,Pharmacie Ifrane صيدلية إفران,POINT (-5.0015964 34.0144858),34.0144858,-5.0015964
node,5117313022,Pharmacie Al Korachi صيدلية القرشي,POINT (-5.0016602 34.0191247),34.0191247,-5.0016602
node,5119394922,Pharmacie Jabri صيدلية جابري,POINT (-5.0043792 34.0158774),34.0158774,-5.0043792
node,5128231924,Pharmacie L'Opera صيدلية الأوبرا,POINT (-4.9951509 34.0288781),34.0288781,-4.9951509
node,5130402124,Pharmacie Erriad صيدلية الرياض,POINT (-5.0126568 34.0244919),34.0244919,-5.0126568
node,5130442846,Pharmacie Mekouar صيدلية مكوار,POINT (-4.9981453 34.0309569),34.0309569,-4.9981453
node,5142826921,Pharmacie Pasteur صيدلية باستور,POINT (-5.009844 34.0271122),34.0271122,-5.009844
node,5147303621,Pharmacie Arrazi صيدلية الرازي,POINT (-4.9976251 34.0260606),34.0260606,-4.9976251
node,5173841426,Pharmacie Conseil صيدلية النصيحة,POINT (-4.9815219 34.0132483),34.0132483,-4.9815219
node,5183381724,Pharmacie Al Ihssane صيدلية الإحسان,POINT (-4.9792405 34.0101598),34.0101598,-4.9792405
node,5184257351,Pharmacie El Karam صيدلية الكرم,POINT (-4.9870605 34.0698093),34.0698093,-4.9870605
node,5185720525,Pharmacie Blanco صيدلية بلانكو,POINT (-5.0091302 33.9992559),33.9992559,-5.0091302
node,5185876621,Pharmacie El Majd صيدلية المجد,POINT (-4.980803 34.0177335),34.0177335,-4.980803
node,5188283423,Pharmacie Al Ahbab صيدلية الأحباب,POINT (-5.004313 33.9992501),33.9992501,-5.004313
node,5190415822,Pharmacie Taiba صيدلية طيبة,POINT (-5.0066556 34.001416),34.001416,-5.0066556
node,5190427838,Pharmacie Ibn Khaldoun صيدلية ابن خلدون,POINT (-4.9717966 34.0144522),34.0144522,-4.9717966
node,5194917728,Pharmacie C.H.U Hassan II صيدلية الحسن الثاني,POINT (-4.9779753 34.0076473),34.0076473,-4.9779753
node,5201978023,Pharmacie Al Inaya صيدلية العناية,POINT (-4.9775556 34.0166064),34.0166064,-4.9775556
node,5203942033,Pharmacie Al Ikhwa صيدلية الإخوة,POINT (-5.0085257 34.0069752),34.0069752,-5.0085257
node,5203986721,Pharmacie Haoudi صيدلية هاودي,POINT (-4.9851537 34.0196338),34.0196338,-4.9851537
node,5204002337,Pharmacie Najmi صيدلية نجمي,POINT (-5.0053672 34.0067506),34.0067506,-5.0053672
node,5204049521,Pharmacie La Victoire صيدلية النصر,POINT (-4.9862395 34.0178887),34.0178887,-4.9862395
node,5206234024,Pharmacie Fatima Ezzahra صيدلية فاطمة الزهراء,POINT (-5.0014405 34.0046872),34.0046872,-5.0014405
node,5207338425,Pharmacie El Houda صيدلية الهدى,POINT (-4.9894159 34.0171254),34.0171254,-4.9894159
node,5216068021,Pharmacie Bakkali صيدلية البقالي,POINT (-5.0057817 34.0103035),34.0103035,-5.0057817
node,5217881721,Pharmacie Florida صيدلية فلوريدا,POINT (-5.0031474 34.0076467),34.0076467,-5.0031474
node,5217885522,Pharmacie Mont Fleuri صيدلية الجبل,POINT (-4.9860772 34.0152601),34.0152601,-4.9860772
node,5219627522,Pharmacie Al Yousr صيدلية اليسر,POINT (-5.0027424 34.012366),34.012366,-5.0027424
node,5231444736,Pharmacie Al Fadila صيدلية الفضيلة,POINT (-4.988769 34.0114188),34.0114188,-4.988769
node,5239191223,Pharmacie Ryad صيدلية الرياض,POINT (-4.9935021 34.0265672),34.0265672,-4.9935021
node,5239191257,Pharmacie Ghizlane صيدلية غزلان,POINT (-4.9687656 34.0057403),34.0057403,-4.9687656
node,5239191525,Pharmacie l'Entente صيدلية الإتفاق,POINT (-4.9897763 34.0242974),34.0242974,-4.9897763
node,5239191530,Pharmacie Route de Sefrou صيدلية طريق صفرو,POINT (-4.9879182 34.0212182),34.0212182,-4.9879182
node,5239335924,Pharmacie Faculté de Médecine صيدلية كلية الطب,POINT (-4.9652236 34.0076423),34.0076423,-4.9652236
node,5240910822,Pharmacie Fès Shore صيدلية فاس شور,POINT (-4.9616705 34.0093643),34.0093643,-4.9616705
node,5241087321,Pharmacie Nour El Houda صيدلية نور الهدى,POINT (-4.965755 34.0129244),34.0129244,-4.965755
node,5244010021,Pharmacie Champs de Courses صيدلية ملعب الخيل,POINT (-5.0152573 34.036918),34.036918,-5.0152573
node,5244887442,Pharmacie Firdaous صيدلية الفردوس,POINT (-4.9897963 34.0146357),34.0146357,-4.9897963
node,5250338721,Pharmacie de l'Hôpital Universitaire صيدلية المستشفى الجامعي,POINT (-4.9657329 34.0106557),34.0106557,-4.9657329
node,5251848522,Pharmacie Ibn Hazm صيدلية بن حزم,POINT (-4.9695833 34.0091231),34.0091231,-4.9695833
node,5260991734,Pharmacie Yasmine صيدلية ياسمين,POINT (-4.9880887 34.0102284),34.0102284,-4.9880887
node,5263513421,Pharmacie Ben Cheikh صيدلية ابن الشيخ,POINT (-4.9700355 34.0127576),34.0127576,-4.9700355
node,5263754721,Pharmacie Al Wassila صيدلية الوسيلة,POINT (-4.9737192 34.0063267),34.0063267,-4.9737192
node,5269865621,Pharmacie Al Fajr صيدلية الفجر,POINT (-4.9630375 34.0154938),34.0154938,-4.9630375
node,5270743531,Pharmacie Beyrout صيدلية بيروت,POINT (-4.984039 34.0078871),34.0078871,-4.984039
node,5270743624,Pharmacie Lahbabi صيدلية لحبابي,POINT (-4.9892319 34.0044736),34.0044736,-4.9892319
node,5281877223,Pharmacie le Docteur صيدلية الدكتور,POINT (-4.9665089 34.018087),34.018087,-4.9665089
node,5283794728,Pharmacie Mourchid صيدلية مرشد,POINT (-4.9784725 34.0133949),34.0133949,-4.9784725
node,5291622524,Pharmacie Complexe Sportif صيدلية المركب الرياضي,POINT (-4.9699202 34.0171017),34.0171017,-4.9699202
node,5293570222,Pharmacie Lina صيدلية لينة,POINT (-4.9745419 34.0166758),34.0166758,-4.9745419
node,5295524721,Pharmacie Azzouzi صيدلية عزوزي,POINT (-4.9795386 34.0153241),34.0153241,-4.9795386
node,5298347522,Pharmacie Yousfi صيدلية يوسفي,POINT (-4.9834357 34.0057858),34.0057858,-4.9834357
node,5303210932,Pharmacie Sidi Brahim صيدلية سيدي ابراهيم,POINT (-4.9703139 34.0201153),34.0201153,-4.9703139
node,5303267325,Pharmacie Noureddine صيدلية نور الدين,POINT (-4.9641712 34.0200563),34.0200563,-4.9641712
node,5304746323,Pharmacie du Quartier Industriel صيدلية الحي الصناعي,POINT (-4.9714568 34.0222491),34.0222491,-4.9714568
node,5308231623,Pharmacie Talbi صيدلية طالبي,POINT (-4.9765996 34.0193429),34.0193429,-4.9765996
node,5309147427,Pharmacie Al Ikhlasse صيدلية الإخلاص,POINT (-4.978387 34.0041222),34.0041222,-4.978387
node,5309148523,Pharmacie Zohour صيدلية الزهور,POINT (-4.9828381 34.0044491),34.0044491,-4.9828381
node,5309148722,Pharmacie Al Akhawayn صيدلية الأخوين,POINT (-4.9804051 34.0074565),34.0074565,-4.9804051
node,5316237421,Pharmacie Hay El Hassani صيدلية حي الحساني,POINT (-4.9744947 34.0209771),34.0209771,-4.9744947
node,5316386524,Pharmacie Narjiss صيدلية النرجس,POINT (-4.9788651 34.0206094),34.0206094,-4.9788651
node,5316862623,Pharmacie Ismailia صيدلية الإسماعيلية,POINT (-4.9831621 34.0109079),34.0109079,-4.9831621
node,5320229021,Pharmacie Cotef صيدلية كوطيف,POINT (-4.9779877 34.0227418),34.0227418,-4.9779877
node,5320984826,Pharmacie Saoussane صيدلية سوسن,POINT (-4.9877202 34.002518),34.002518,-4.9877202
node,5320984833,Pharmacie La Famille صيدلية العائلة,POINT (-4.9869764 34.0050682),34.0050682,-4.9869764
node,5333830031,Pharmacie Hameda Benchekroun صيدلية حميدة بنشقرون,POINT (-4.993274 34.0086636),34.0086636,-4.993274
node,5333830421,Pharmacie La Suite صيدلية لاسويط,POINT (-4.9905295 33.9939304),33.9939304,-4.9905295
node,5356941721,Pharmacie Makro صيدلية ماكرو,POINT (-5.0532944 34.0201123),34.0201123,-5.0532944
node,5358636223,La Grande Pharmacie الصيدلية الكبرى,POINT (-5.0555968 34.0239277),34.0239277,-5.0555968
node,5360680621,Pharmacie El Boutahri صيدلي البوطهري,POINT (-5.0574499 34.0182077),34.0182077,-5.0574499
node,5361001722,Pharmacie Assafwa صيدلية الصفوة,POINT (-5.0490094 34.0215063),34.0215063,-5.0490094
node,5361214423,Pharmacie El Hijazi صيدلية الحجازي,POINT (-5.0462911 34.0202864),34.0202864,-5.0462911
node,5370125323,Pharmacie Sandra صيدلية ساندرا,POINT (-5.0506962 34.0242119),34.0242119,-5.0506962
node,5370323321,Pharmacie Zouagha Bas صيدلية الزواغة السفلى,POINT (-5.0462297 34.0277814),34.0277814,-5.0462297
node,5372625428,Pharmacie Al Hamd صيدلية الحمد,POINT (-5.0413497 34.0274386),34.0274386,-5.0413497
node,5375123532,Pharmacie El Qods صيدلية القدس,POINT (-5.0510426 34.0156066),34.0156066,-5.0510426
node,5375153021,Pharmacie L'Avenir صيدلية المستقبل,POINT (-5.0410357 34.0303541),34.0303541,-5.0410357
node,5377810721,Pharmacie Al Marja صيدلية المرجة,POINT (-5.0446229 34.0312285),34.0312285,-5.0446229
node,5377973123,Pharmacie Attaakhi صيدلية التآخي,POINT (-5.051411 34.031626),34.031626,-5.051411
node,5392797622,Pharmacie Arreda صيدلية الرضا,POINT (-5.0494287 34.0365448),34.0365448,-5.0494287
node,5393784822,Pharmacie Sefrioui صيدلية الصفريوي,POINT (-5.0097849 34.0088152),34.0088152,-5.0097849
node,5393785323,Pharmacie Diamant Vert صيدلية الجوهرة الخضراء,POINT (-5.0120511 34.0009245),34.0009245,-5.0120511
node,5395575621,Pharmacie Ouad El Jawahir صيدلية واد الجواهر,POINT (-5.0507853 34.0388197),34.0388197,-5.0507853
node,5398354121,Pharmacie Wafi صيدلية الوافي,POINT (-5.0441143 34.036935),34.036935,-5.0441143
node,5398499522,Pharmacie Espace Santé صيدلية فضاء الصحة,POINT (-5.0436688 34.0341382),34.0341382,-5.0436688
node,5398558823,Pharmacie Haj Bensalem صيدلية الحاج بنسالم,POINT (-5.038962 34.0351489),34.0351489,-5.038962
node,5398624423,Pharmacie Italia صيدلية إيطاليا,POINT (-5.0349723 34.0401158),34.0401158,-5.0349723
node,5400932621,Pharmacie Al Najoua صيدلية النجوى,POINT (-5.0406043 34.0375903),34.0375903,-5.0406043
node,5407132238,Pharmacie El Iraki صيدلية العراقي,POINT (-5.0486606 34.0147038),34.0147038,-5.0486606
node,5407220722,Pharmacie Al Oumma صيدلية الأمة,POINT (-5.0375648 34.0233281),34.0233281,-5.0375648
node,5414211822,Pharmacie Zouagha صيدلية الزواغة,POINT (-5.0351104 34.0247648),34.0247648,-5.0351104
node,5424399125,Pharmacie Bensouda صيدلية بن سودة,POINT (-5.0531777 34.0170139),34.0170139,-5.0531777
node,5424447822,Pharmacie Av Med VI صيدلية شارع محمد السادس,POINT (-5.028244 34.0263639),34.0263639,-5.028244
node,5430059334,Pharmacie des Sciences صيدلية العلوم,POINT (-5.0176469 34.0104753),34.0104753,-5.0176469
node,5437048725,Pharmacie Sekkat صيدلية السقاط,POINT (-5.0227221 34.0125631),34.0125631,-5.0227221
node,5437151022,Pharmacie Al Wahda صيدلية الوحدة,POINT (-5.0514716 34.0132168),34.0132168,-5.0514716
node,5439966421,Pharmacie Kandoussi صيدلية القندوسي,POINT (-5.0446424 34.0037878),34.0037878,-5.0446424
node,5445400122,Pharmacie Ain Smen صيدلية عين السمن,POINT (-5.0262209 34.0120186),34.0120186,-5.0262209
node,5446674221,Pharmacie Errachidia صيدلية الراشدية,POINT (-5.0136845 34.015282),34.015282,-5.0136845
node,5472824321,Pharmacie Al Wissal صيدلية الوصال,POINT (-5.0560575 33.9952412),33.9952412,-5.0560575
node,5472942725,Pharmacie Al Kaoutar صيدلية الكوثر,POINT (-5.0293645 34.0136031),34.0136031,-5.0293645
node,5477775421,Pharmacie Nassim صيدلية النسيم,POINT (-5.0607799 33.9966238),33.9966238,-5.0607799
node,5480087722,Pharmacie Al Abaouayne صيدلية الأبوين,POINT (-5.0625071 33.9944371),33.9944371,-5.0625071
node,5490795223,Pharmacie Fahmi صيدلية فهمي,POINT (-5.0296466 34.0170581),34.0170581,-5.0296466
node,5490862523,Pharmacie Ayoub صيدلية أيوب سيد الهادي,POINT (-5.031363 34.0153361),34.0153361,-5.031363
node,5495984921,Pharmacie Basma,POINT (-5.0331285 34.0173431),34.0173431,-5.0331285
node,5496103023,Pharmacie Annamae صيدلية النماء,POINT (-5.0577644 33.9986675),33.9986675,-5.0577644
node,5496517321,Pharmacie la Ferraille صيدلية لافيراي,POINT (-5.0540763 33.999834),33.999834,-5.0540763
node,5505183922,Pharmacie le Coin صيدلية الركن,POINT (-5.0331652 34.012893),34.012893,-5.0331652
node,5507936522,Pharmacie Sanabil صيدلية السنابل,POINT (-5.03528 34.021261),34.021261,-5.03528
node,5522399521,Pharmacie Dar Es-Salam صيدلية دار السلام,POINT (-5.0287799 34.0232632),34.0232632,-5.0287799
node,5524915624,Pharmacie Addoha صيدلية الضحى,POINT (-5.0322943 34.0237733),34.0237733,-5.0322943
node,5525093277,Pharmacie Oum El Koura صيدلية أم القرى,POINT (-5.0364946 34.0184753),34.0184753,-5.0364946
node,5527473421,Pharmacie Al Farouk صيدلية الفاروق,POINT (-5.0385293 34.0203423),34.0203423,-5.0385293
node,5527619921,Pharmacie Sidi El Hadi صيدلية سيدي الهادي,POINT (-5.0407606 34.0183742),34.0183742,-5.0407606
node,5527682122,Pharmacie Al Khattabi صيدلية الخطابي,POINT (-5.0434335 34.0139363),34.0139363,-5.0434335
node,5528634825,Pharmacie des Roches صيدلية الصخور,POINT (-5.0078415 33.9948567),33.9948567,-5.0078415
node,5552817821,Pharmacie Sagha صيدلية الصاغة,POINT (-4.9748059 34.066239),34.066239,-4.9748059
node,5718733521,Pharmacie Chifae Arrahmane صيدلية شفاء الرحمان,POINT (-5.0433317 34.0516802),34.0516802,-5.0433317
node,5727962822,Pharmacie Jardin de Tghath صيدلية حديقة تغاث,POINT (-5.0238346 34.0595306),34.0595306,-5.0238346
node,5735067971,Pharmacie Errachid صيدلية الرشيد,POINT (-4.9996766 34.0704938),34.0704938,-4.9996766
node,5735223007,Pharmacie Al Imam Mouslim صيدلية الإمام مسلم,POINT (-5.0108801 34.0670337),34.0670337,-5.0108801
node,5740981221,Pharmacie Dar Dmana صيدلية دار الضمانة,POINT (-4.9574981 34.0650353),34.0650353,-4.9574981
node,5744062346,Pharmacie Al Youmne صيدلية اليمن,POINT (-5.0413397 34.0092557),34.0092557,-5.0413397
node,5749776079,Pharmacie Volubilis صيدلية وليلي,POINT (-5.0003661 34.0347847),34.0347847,-5.0003661
node,7725405985,Pharmacie Riad Chafi صيدلية رياض الشافي,POINT (-4.9599062 34.0164626),34.0164626,-4.9599062
node,8972515927,Pharmacie Asmae صيدلية أسماء,POINT (-4.9752165 34.0136448),34.0136448,-4.9752165
node,8972595649,Pharmacie du Lido صيدلية الليدو,POINT (-4.9904057 34.0331265),34.0331265,-4.9904057
node,8984249652,Pharmacie Saada صيدلية السعادة,POINT (-5.0048828 34.0256245),34.0256245,-5.0048828
node,8993802951,Pharmacie Gharnata صيدلية غرناطة,POINT (-5.0287686 34.0357569),34.0357569,-5.0287686
node,9010895004,Pharmacie Berrada صيدلية برادة,POINT (-5.0138627 34.0591521),34.0591521,-5.0138627
node,9010900716,Pharmacie Averroès صيدلية ابن رشد,POINT (-5.0091946 34.0433492),34.0433492,-5.0091946
node,9032660795,Pharmacie Attouraya صيدلية الثريا,POINT (-4.9955712 34.0695594),34.0695594,-4.9955712
node,9032668703,Pharmacie Hay Belkhayat صيدلية حي بلخياط,POINT (-5.001806 34.0686025),34.0686025,-5.001806
node,9032672710,Pharmacie Al Mamalik صيدلية الممالك,POINT (-4.9968004 34.0658698),34.0658698,-4.9968004
node,9032747370,Pharmacie le Remède صيدلية الدواء,POINT (-5.0111457 34.0588845),34.0588845,-5.0111457
node,9032748170,Pharmacie Ain Kadouss صيدلية عين قادوس,POINT (-5.008256 34.0598898),34.0598898,-5.008256
node,9032830871,Pharmacie Benkirane صيدلية بنكيران,POINT (-5.0169477 34.0596226),34.0596226,-5.0169477
node,9032834575,Pharmacie El Ghazi صيدلية الغازي,POINT (-5.0152941 34.0567516),34.0567516,-5.0152941
node,9035353158,Pharmacie Jbel Tghat صيدلية جبل ثغات,POINT (-5.0212595 34.0577633),34.0577633,-5.0212595
node,9035364493,Pharmacie Faiza صيدلية فايزة,POINT (-5.0303904 34.0566911),34.0566911,-5.0303904
node,9035500323,Pharmacie Salah صيدلية صلاح,POINT (-5.0256744 34.0554449),34.0554449,-5.0256744
node,9035505122,Pharmacie Reda صيدلية رضا,POINT (-5.0267418 34.0571553),34.0571553,-5.0267418
node,9035534360,Pharmacie Al Imane صيدلية الإيمان,POINT (-5.0344778 34.0523514),34.0523514,-5.0344778
node,9035544128,Pharmacie Al Falah صيدلية الفلاح,POINT (-5.0287002 34.0550044),34.0550044,-5.0287002
node,9035591817,Pharmacie Ain Haroun صيدلية عين هارون,POINT (-5.0073181 34.066531),34.066531,-5.0073181
node,9035612159,Pharmacie Ibn Al Khatib صيدلية بن الخطيب,POINT (-5.0035026 34.0665259),34.0665259,-5.0035026
node,9035630210,Pharmacie Agadir صيدلية أكادير,POINT (-5.009789 34.063744),34.063744,-5.009789
node,9035717748,Pharmacie Saida صيدلية سعيدة,POINT (-5.0162463 34.0651564),34.0651564,-5.0162463
node,9035797630,Pharmacie Es-Salam صيدلية السلام,POINT (-5.0123122 34.0610614),34.0610614,-5.0123122
node,9038248382,Pharmacie Ibn Sina صيدلية ابن سينا,POINT (-5.0054342 34.0634415),34.0634415,-5.0054342
node,9038251500,Pharmacie Dayaa صيدلية الضيعة,POINT (-5.0181666 34.0627967),34.0627967,-5.0181666
node,9038273758,Pharmacie Hay Laalou صيدلية حي لعلو,POINT (-5.0121204 34.0651138),34.0651138,-5.0121204
node,9038321797,Pharmacie Al Imam Malik صيدلية الإمام مالك,POINT (-5.0215687 34.0622255),34.0622255,-5.0215687
node,9038337026,Pharmacie Al Marwa صيدلية المروى,POINT (-5.0285858 34.0602017),34.0602017,-5.0285858
node,9040946630,Pharmacie Al Hilal صيدلية الهلال,POINT (-5.0330511 34.0611772),34.0611772,-5.0330511
node,9041087322,Pharmacie Soundous صيدلية السندس,POINT (-5.0364883 34.0593037),34.0593037,-5.0364883
node,9041103033,Pharmacie El Boukhari صيدلية البخاري,POINT (-5.0352601 34.0567425),34.0567425,-5.0352601
node,9041125608,Pharmacie Mounia صيدلية مونية,POINT (-5.0397344 34.058589),34.058589,-5.0397344
node,9041137082,Pharmacie Youssef Ben Tachafine صيدلية يوسف تاشفين,POINT (-5.0415456 34.0549853),34.0549853,-5.0415456
node,9041162334,Pharmacie Lhoumadi صيدلية لحومادي,POINT (-5.0393854 34.0511596),34.0511596,-5.0393854
node,9041164672,Pharmacie Maalal صيدلية معلال,POINT (-5.0380269 34.0531852),34.0531852,-5.0380269
node,9041205020,Pharmacie Hasnaoui صيدلية الحسناوي,POINT (-5.0454574 34.0587131),34.0587131,-5.0454574
node,9041206899,Pharmacie Dr Obtel صيدلية د.أوبتيل,POINT (-5.048599 34.05283),34.05283,-5.048599
node,9041211850,Pharmacie El Mountazah صيدلية المنتزه,POINT (-5.0446871 34.0558711),34.0558711,-5.0446871
node,9041249677,Pharmacie Nasma صيدلية نسمة,POINT (-4.9541227 34.0453606),34.0453606,-4.9541227
node,9041266437,Pharmacie Al Hanae صيدلية الهناء,POINT (-4.9606574 34.0488103),34.0488103,-4.9606574
node,9041318009,Pharmacie Bled Tahiriyine صيدلية بلاد الطاهريين,POINT (-4.9562404 34.0474135),34.0474135,-4.9562404
node,9041369092,Pharmacie Al Makkiya صيدلية المكية,POINT (-4.9572886 34.0507379),34.0507379,-4.9572886
node,9043787624,Pharmacie Driss صيدلية إدريس,POINT (-4.9644643 34.0501087),34.0501087,-4.9644643
node,9043830738,Pharmacie Wisslane صيدلية ويسلان,POINT (-4.9520117 34.0581225),34.0581225,-4.9520117
node,9043830995,Pharmacie El Louizatt صيدلية اللويزات,POINT (-4.9564327 34.0593227),34.0593227,-4.9564327
node,9043883647,Pharmacie M'sella صيدلية المصلى,POINT (-4.9608524 34.0524925),34.0524925,-4.9608524
node,9043883650,Pharmacie la Ménara صيدلية المنارة,POINT (-4.9681185 34.0142987),34.0142987,-4.9681185
node,9043888667,Pharmacie Kamal صيدلية كمال,POINT (-4.9544992 34.0571051),34.0571051,-4.9544992
node,9043936390,Pharmacie Saguia Lhamra صيدلية الساقية الحمراء,POINT (-4.9723992 34.0182531),34.0182531,-4.9723992
node,9043956382,Pharmacie Aouinat El Hajjaj صيدلية عوينات الحجاج,POINT (-4.967283 34.0200745),34.0200745,-4.967283
node,9043968723,Pharmacie El Alj صيدلية العلج,POINT (-4.9679916 34.0199568),34.0199568,-4.9679916
node,9043970857,Pharmacie Alae Arrahman صيدلية الرحمان,POINT (-4.9630909 34.0178391),34.0178391,-4.9630909
node,9045350223,Pharmacie Bab Fès صيدلية باب فاس,POINT (-4.9418139 34.0611947),34.0611947,-4.9418139
node,9045364285,Pharmacie Moulay M'Barek صيدلية مولاي مبارك,POINT (-4.9543363 34.0639385),34.0639385,-4.9543363
node,9045374425,Pharmacie Ain Nokbi صيدلية عين النقبي,POINT (-4.9526825 34.0617846),34.0617846,-4.9526825
node,9045400740,Pharmacie El Kobba صيدلية القبة,POINT (-4.9527481 34.0644193),34.0644193,-4.9527481
node,9045416087,Pharmacie Jnane Kadiri صيدلية جنان القادري,POINT (-4.955399 34.067096),34.067096,-4.955399
node,9045445097,Pharmacie Al Andalous صيدلية الأندلس,POINT (-4.966285 34.0704308),34.0704308,-4.966285
node,9045451994,Pharmacie Jnan Mekouar صيدلية جنان مكوار,POINT (-4.96295 34.0718486),34.0718486,-4.96295
node,9048910905,Pharmacie Fatima Al Fihriya صيدلية فاطمة الفهرية,POINT (-4.9741905 34.0560754),34.0560754,-4.9741905
node,9048942320,Pharmacie Zkak Lahjar صيدلية زقاق الحجر,POINT (-4.9777072 34.0633697),34.0633697,-4.9777072
node,9049003728,Pharmacie Bab El Guissa صيدلية باب عجيسة,POINT (-4.9757032 34.068623),34.068623,-4.9757032
node,9049003729,Pharmacie Oued Zhoun صيدلية واد الزحون,POINT (-4.9706313 34.0685381),34.0685381,-4.9706313
node,9051315874,Pharmacie Zarouk صيدلية زروق,POINT (-4.9689367 34.0707225),34.0707225,-4.9689367
node,9051360164,Pharmacie Hanane صيدلية حنان,POINT (-4.9635254 34.0667619),34.0667619,-4.9635254
node,9051362482,Pharmacie Jnan Drader صيدلية جنان الدرادر,POINT (-4.9698138 34.0673755),34.0673755,-4.9698138
node,9051373294,Pharmacie Sidi Boujida صيدلية سيدي بوجيدة,POINT (-4.9669479 34.0667762),34.0667762,-4.9669479
node,9051405111,Pharmacie Ibn Battouta صيدلية بن بطوطة,POINT (-4.9624823 34.0656218),34.0656218,-4.9624823
node,9051555679,Pharmacie Al Anouar صيدلية الأنوار,POINT (-4.9664302 34.0637703),34.0637703,-4.9664302
node,9051567252,Pharmacie Bab El Hamraa صيدلية باب الحمراء,POINT (-4.9688505 34.0605946),34.0605946,-4.9688505
node,9051585120,Pharmacie Lagzira صيدلية الجزيرة,POINT (-4.9716214 34.0620445),34.0620445,-4.9716214
node,9056633676,Pharmacie Tadlaoui صيدلية التدلاوي,POINT (-5.0183917 34.0541841),34.0541841,-5.0183917
node,9060425474,Pharmacie Bouramana صيدلية بورمانة,POINT (-4.9940671 34.0225701),34.0225701,-4.9940671
node,9060655331,Pharmacie de Paris صيدلية باريس,POINT (-4.9858207 34.0103805),34.0103805,-4.9858207
node,9060727343,Pharmacie Ibn Taymiya صيدلية بن تيمية,POINT (-4.9908913 33.9902509),33.9902509,-4.9908913
node,9060749381,Pharmacie Slaoui صيدلية السلاوي,POINT (-4.9846357 33.9979001),33.9979001,-4.9846357
node,9062914094,Pharmacie Meliani صيدلية ملياني,POINT (-4.986228 33.9871216),33.9871216,-4.986228
node,9062945305,Pharmacie El Kadiri صيدلية القادري,POINT (-4.9878437 33.9921687),33.9921687,-4.9878437
node,9062947497,Pharmacie Arrayhane صيدلية الريحان,POINT (-4.970386 33.9945831),33.9945831,-4.970386
node,9062954266,Pharmacie Almaz صيدلية ألماز,POINT (-4.977379 33.9905847),33.9905847,-4.977379
node,9062971624,Pharmacie Faculté Echariaa صيدلية كلية الشريعة,POINT (-4.9750457 33.9984657),33.9984657,-4.9750457
node,9063042255,Pharmacie Diamant de Fès صيدلية جوهرة فاس,POINT (-4.9666565 33.9943582),33.9943582,-4.9666565
node,9063046705,Pharmacie Route Sidi Hrazem صيدلية طريق سيدي حرازم,POINT (-4.9558975 34.010757),34.010757,-4.9558975
node,9063050284,Pharmacie Menzeh Saïss صيدلية منزه سايس,POINT (-4.9541278 34.0075084),34.0075084,-4.9541278
node,9064150951,Pharmacie Guard صيدلية كارد,POINT (-4.9739285 34.0112352),34.0112352,-4.9739285
node,9064151371,Pharmacie Ibno Tachefine صيدلية ابن تاشفين,POINT (-4.9722125 34.0117766),34.0117766,-4.9722125
node,9064248041,Pharmacie Essania صيدلية السانية,POINT (-4.9609846 34.0098741),34.0098741,-4.9609846
node,9064274028,Pharmacie Bel Air صيدلية بلير,POINT (-4.9607711 34.0126429),34.0126429,-4.9607711
node,9067076233,Pharmacie Ryad Saiss صيدلية رياض سايس,POINT (-4.9616357 34.0145582),34.0145582,-4.9616357
node,9067097844,Pharmacie Hay Riyad صيدلية حي الرياض,POINT (-4.9605092 34.0192846),34.0192846,-4.9605092
node,9067122685,Pharmacie El Otmani صيدلية العثماني,POINT (-4.9649338 34.0229583),34.0229583,-4.9649338
node,9067461578,Pharmacie de l'Université صيدلية الجامعة,POINT (-4.9859151 34.033483),34.033483,-4.9859151
node,9074295920,Pharmacie Al Alia صيدلية العالية,POINT (-5.0059757 34.0139018),34.0139018,-5.0059757
node,9077198847,Pharmacie Masjid Arreda صيدلية مسجد الرضى,POINT (-4.9982576 34.002482),34.002482,-4.9982576
node,9077218586,Pharmacie des 3 Sources صيدلية المنابع الثلاث,POINT (-4.9940193 33.9967109),33.9967109,-4.9940193
node,9077240390,Pharmacie Jamai صيدلية الجامعي,POINT (-5.003872 33.9952552),33.9952552,-5.003872
node,9077291355,Pharmacie Rachidia 3 صيدلية الراشدية,POINT (-5.0141604 34.0123275),34.0123275,-5.0141604
node,9077313479,Pharmacie Al Alaoui صيدلية العلوي,POINT (-5.0052984 33.9918236),33.9918236,-5.0052984
node,9077395032,Pharmacie Riad El Yassamine صيدلية رياض الياسمين,POINT (-5.0112751 33.9947174),33.9947174,-5.0112751
node,9080092417,Pharmacie Steven صيدلية ستيفن,POINT (-5.0095409 34.0258203),34.0258203,-5.0095409
node,9080252241,Pharmacie Technologie صيدلية التكنولوجيا,POINT (-5.0138875 34.0077585),34.0077585,-5.0138875
node,9080367514,Pharmacie Socrate صيدلية سقراط,POINT (-5.0171304 34.0039944),34.0039944,-5.0171304
node,9080513814,Pharmacie Zahraoui صيدلية الزهراوي,POINT (-5.0153503 34.001512),34.001512,-5.0153503
node,9082210309,Pharmacie Al Madina صيدلية المدينة,POINT (-5.0111208 34.0032877),34.0032877,-5.0111208
node,9082226035,Pharmacie Borj Ennakhil صيدلية برج النخيل,POINT (-5.0160907 33.99852),33.99852,-5.0160907
node,9082234019,Pharmacie Zineb صيدلية زينب,POINT (-5.0175189 33.9948475),33.9948475,-5.0175189
node,9082250910,Pharmacie Ahel Fès صيدلية أهل فاس,POINT (-5.0407775 33.9877828),33.9877828,-5.0407775
node,9082252419,Pharmacie California صيدلية كاليفورنيا,POINT (-5.0205935 33.9925945),33.9925945,-5.0205935
node,9082305309,Pharmacie El Aziza صيدلية العزيزة,POINT (-5.0313473 33.9938707),33.9938707,-5.0313473
node,9088108976,Pharmacie Rihab صيدلية رحاب,POINT (-5.0051466 34.0360636),34.0360636,-5.0051466
node,9088262543,Pharmacie Bennouna صيدلية بنونة,POINT (-5.0237243 34.0233152),34.0233152,-5.0237243
node,9088494169,Pharmacie Aida صيدلية عايدة,POINT (-5.0183225 34.0390484),34.0390484,-5.0183225
node,9091504397,Pharmacie Ghrissi صيدلية غريسي,POINT (-5.0713247 34.0161109),34.0161109,-5.0713247
node,9091558885,Pharmacie Al Jawaher صيدلية الجواهر,POINT (-5.0613538 34.0342938),34.0342938,-5.0613538
node,9091566947,Pharmacie Route Ras Lma صيدلية طريق راس الما,POINT (-5.069146 34.0128948),34.0128948,-5.069146
node,9091590534,Pharmacie Zahir صيدلية زاهر,POINT (-5.0579744 34.021658),34.021658,-5.0579744
node,9091645325,Pharmacie Aicha صيدلية عائشة,POINT (-5.0650531 34.0111367),34.0111367,-5.0650531
node,9091663749,Pharmacie Ghita صيدلية غيثة,POINT (-5.0617496 34.0120727),34.0120727,-5.0617496
node,9091665186,Pharmacie Khawarizmi صيدلية الخوارزمي,POINT (-5.0618088 34.0146727),34.0146727,-5.0618088
node,9091778819,Pharmacie Assafae صيدلية الصفاء,POINT (-5.0656429 33.9918935),33.9918935,-5.0656429
node,9091796679,Pharmacie Dalia صيدلية الدالية,POINT (-5.0520318 33.9932207),33.9932207,-5.0520318
node,9094719849,Pharmacie Wisslane صيدلية ويسلان,POINT (-5.0494146 34.0168098),34.0168098,-5.0494146
node,9094725558,Pharmacie des Champs صيدلية الحقول,POINT (-5.0345556 34.0361253),34.0361253,-5.0345556
node,9094730495,Pharmacie Moussaoui صيدلية موساوي,POINT (-5.048577 34.0414705),34.0414705,-5.048577
node,9094860849,Pharmacie Al Omnia صيدلية الأمنية,POINT (-5.0520034 34.0272369),34.0272369,-5.0520034
node,9094866098,Pharmacie Paraconfiance صيدلية باراكونفيونس,POINT (-5.0489759 34.0226454),34.0226454,-5.0489759
node,9098553534,Pharmacie Nellia صيدلية نيليا,POINT (-5.0362829 34.0144488),34.0144488,-5.0362829
node,9105637082,Pharmacie Tajmouati صيدلية تجموعتي,POINT (-5.0070681 34.0117048),34.0117048,-5.0070681
node,9105659218,Pharmacie El Borj صيدلية البرج,POINT (-4.9857424 34.0686958),34.0686958,-4.9857424
node,9105667807,Pharmacie Hay Benslimane صيدلية حي بنسليمان,POINT (-4.9864241 34.0696287),34.0696287,-4.9864241
node,9105714468,Pharmacie de Fès صيدلية فاس,POINT (-5.0110997 34.06438),34.06438,-5.0110997
node,9107961171,Pharmacie Ouandou صيدلية واندو,POINT (-5.0314442 34.0572905),34.0572905,-5.0314442
node,9107998723,Pharmacie Ziat صيدلية الزيات,POINT (-4.9791927 34.0585728),34.0585728,-4.9791927
node,9651845874,Pharmacie Nationale,POINT (-4.9795049 34.0626035),34.0626035,-4.9795049
